[
    {
        "CATEGORY": "Electronics > Computers & Accessories > Data Storage > External Hard Drives", 
        "ORIGINAL_PRICE": null, 
        "NAME": "G-Technology G-SPEED eS PRO High-Performance Fail-Safe RAID Solution for HD/2K Production 8TB (0G01873)", 
        "URL": "http://www.amazon.com/dp/B0046UR4F4", 
        "SALE_PRICE": null, 
        "AVAILABILITY": "Available from these sellers."
    }, 
    {
        "CATEGORY": "Electronics > Computers & Accessories > Data Storage > External Hard Drives", 
        "ORIGINAL_PRICE": null, 
        "NAME": "G-Technology G-DRIVE ev USB 3.0 Hard Drive 500GB (0G02727)", 
        "URL": "http://www.amazon.com/dp/B00JGTVU5A", 
        "SALE_PRICE": null, 
        "AVAILABILITY": "Currently unavailable.\n        \n        \n    \n    \n    \n    \n\n\n\n    \n    \n         \n        \n        \n            We don't know when or if this item will be back in stock."
    }, 
    {
        "CATEGORY": "Electronics > Computers & Accessories > Data Storage > External Hard Drives", 
        "ORIGINAL_PRICE": "$699.95", 
        "NAME": "G-Technology G-DRIVE PRO with Thunderbolt High Speed Portable RAID Solution 2TB (0G02828)", 
        "URL": "http://www.amazon.com/dp/B00GJYCIVK", 
        "SALE_PRICE": "$699.95", 
        "AVAILABILITY": "Only 3 left in stock - order soon."
    }, 
    {
        "CATEGORY": "Electronics > Computers & Accessories > Computer Accessories & Peripherals > Hard Drive Accessories > Hard Drive Enclosures", 
        "ORIGINAL_PRICE": null, 
        "NAME": "G-Technology G-SPEED Q High-Performance 4-Bay RAID Storage Solution 12TB (USB3.0/eSATA/FireWire 800) (0G02838)", 
        "URL": "http://www.amazon.com/dp/B00EPGK7CQ", 
        "SALE_PRICE": null, 
        "AVAILABILITY": "Available from these sellers."
    }, 
    {
        "CATEGORY": "Electronics > Computers & Accessories > Computer Accessories & Peripherals > Hard Drive Accessories > Hard Drive Enclosures", 
        "ORIGINAL_PRICE": null, 
        "NAME": "G-Technology G-SPEED Q High-Performance 4-Bay RAID Storage Solution 12TB (USB3.0/eSATA/FireWire 800) (0G02838)", 
        "URL": "http://www.amazon.com/dp/B00EPGKA4G", 
        "SALE_PRICE": null, 
        "AVAILABILITY": "Available from these sellers."
    }, 
    {
        "CATEGORY": "Electronics > Computers & Accessories > Computer Accessories & Peripherals > Hard Drive Accessories > Hard Drive Enclosures", 
        "ORIGINAL_PRICE": "$289.89", 
        "NAME": "G-Technology G-Dock ev with Thunderbolt", 
        "URL": "http://www.amazon.com/dp/B00YW5DLB4", 
        "SALE_PRICE": "$289.89", 
        "AVAILABILITY": "Only 3 left in stock - order soon."
    }, 
    {
        "CATEGORY": "Electronics > Computers & Accessories > Data Storage > External Hard Drives", 
        "ORIGINAL_PRICE": null, 
        "NAME": "G-Technology G-DRIVE ev 220 2TB External Hard Drive (0G03187)", 
        "URL": "http://www.amazon.com/dp/B00KGD0628", 
        "SALE_PRICE": null, 
        "AVAILABILITY": "Currently unavailable.\n        \n        \n    \n    \n    \n    \n\n\n\n    \n    \n         \n        \n        \n            We don't know when or if this item will be back in stock."
    }, 
    {
        "CATEGORY": "Electronics > Computers & Accessories > Data Storage > USB Flash Drives", 
        "ORIGINAL_PRICE": null, 
        "NAME": "G-Technology G-RAID with Removable Drives High-Performance Storage System 4TB (Gen7) (0G03240)", 
        "URL": "http://www.amazon.com/dp/B00O9A48N2", 
        "SALE_PRICE": null, 
        "AVAILABILITY": "Currently unavailable.\n        \n        \n    \n    \n    \n    \n\n\n\n    \n    \n         \n        \n        \n            We don't know when or if this item will be back in stock."
    }, 
    {
        "CATEGORY": "Electronics > Computers & Accessories > Data Storage > Internal Hard Drives", 
        "ORIGINAL_PRICE": null, 
        "NAME": "G-Technology G-RAID with Removable Drives High-Performance Storage System 12TB (Gen7) (0G03411)", 
        "URL": "http://www.amazon.com/dp/B00O9A4MEW", 
        "SALE_PRICE": null, 
        "AVAILABILITY": "Currently unavailable.\n        \n        \n    \n    \n    \n    \n\n\n\n    \n    \n         \n        \n        \n            We don't know when or if this item will be back in stock."
    }, 
    {
        "CATEGORY": "Electronics > Computers & Accessories > Data Storage", 
        "ORIGINAL_PRICE": null, 
        "NAME": "G-Technology G-RAID USB Removable Dual Drive Storage System 8TB (0G04069)", 
        "URL": "http://www.amazon.com/dp/B00UZKG8QU", 
        "SALE_PRICE": null, 
        "AVAILABILITY": "Available from these sellers."
    }
]